numBodies,minTime,AvgTime
79992,64,2.774e-05,6.25069e-05
33322,128,6.365e-05,0.000150053
12569,256,0.00016012,0.000397816
5556,512,0.00036127,0.0009001
2531,1024,0.00080079,0.00197557
1466,2048,0.00176574,0.00341282
839,4096,0.00390955,0.00596582
449,8192,0.00874396,0.0111537
223,16384,0.0188861,0.0224589
103,32768,0.0434891,0.0489089
46,65536,0.102532,0.110029
30,131072,0.238314,0.246948
30,262144,0.553449,0.578997
30,524288,1.27238,1.32188
30,1048576,2.8525,3.03171
